date,temperature_2m_max,temperature_2m_min,temperature_2m_mean,precipitation_sum,rain_sum,snowfall_sum,weathercode,sunshine_duration,windspeed_10m_max,winddirection_10m_dominant,weather_description
2024-01-01,14.4,4.9,9.3,6.9,6.9,0.0,61,31964.16,17.1,137,小雨
2024-01-02,11.3,4.2,6.4,4.3,4.1,0.14,71,7423.38,20.4,15,小雪
2024-01-03,7.5,2.6,4.7,0.0,0.0,0.0,3,759.31,14.6,140,阴
2024-01-04,13.9,4.4,7.7,0.3,0.3,0.0,51,28336.08,19.7,169,小雨
2024-01-05,11.7,5.4,7.4,0.9,0.9,0.0,51,15759.78,9.7,77,小雨
2024-01-06,11.1,5.8,7.4,1.4,1.4,0.0,51,15765.26,16.3,147,小雨
2024-01-07,13.1,6.3,8.7,5.4,5.4,0.0,63,21943.73,10.4,81,中雨
2024-01-08,13.9,5.7,7.8,0.2,0.2,0.0,51,18000.0,17.0,132,小雨
2024-01-09,11.3,4.0,7.5,0.0,0.0,0.0,3,25687.29,14.2,46,阴
2024-01-10,9.0,4.8,6.5,0.3,0.3,0.0,51,545.0,18.2,147,小雨
2024-01-11,11.4,5.1,7.6,6.1,6.1,0.0,61,10451.8,13.9,122,小雨
2024-01-12,13.4,7.3,8.9,1.1,1.1,0.0,51,17011.23,14.6,156,小雨
2024-01-13,16.6,7.3,10.5,0.0,0.0,0.0,3,32834.61,13.9,189,阴
2024-01-14,15.4,6.8,10.2,0.2,0.2,0.0,51,29882.63,18.3,161,小雨
2024-01-15,18.2,8.7,11.8,0.9,0.9,0.0,51,25586.31,24.8,171,小雨
2024-01-16,17.8,7.8,11.3,0.2,0.2,0.0,51,29443.69,26.2,189,小雨
2024-01-17,15.6,7.8,10.7,0.7,0.7,0.0,51,22499.95,24.9,186,小雨
2024-01-18,18.9,5.2,10.6,0.0,0.0,0.0,3,37155.05,22.9,209,阴
2024-01-19,11.0,4.1,7.1,5.5,5.5,0.0,63,14276.84,13.0,29,中雨
2024-01-20,8.5,4.9,6.3,1.0,1.0,0.0,51,0.0,17.2,111,小雨
2024-01-21,6.2,0.8,4.4,7.8,6.2,1.12,73,0.0,21.3,102,中雪
2024-01-22,1.4,-3.6,-1.2,5.5,0.3,3.64,73,18113.27,22.0,28,中雪
2024-01-23,-0.2,-3.3,-2.2,0.2,0.0,0.14,71,411.12,13.5,141,小雪
2024-01-24,-0.2,-4.1,-2.2,2.9,1.7,0.84,73,0.0,10.5,96,中雪
2024-01-25,0.4,-3.9,-2.0,0.6,0.3,0.21,71,0.0,12.6,136,小雪
2024-01-26,0.6,-3.5,-1.6,0.3,0.2,0.07,71,0.0,11.5,103,小雪
2024-01-27,2.2,-2.5,-0.7,0.2,0.1,0.07,71,0.0,12.6,51,小雪
2024-01-28,2.7,-1.9,0.1,0.3,0.2,0.07,71,0.0,10.5,116,小雪
2024-01-29,12.3,0.4,4.5,0.0,0.0,0.0,3,25417.12,16.9,174,阴
2024-01-30,15.8,2.3,7.3,1.1,1.1,0.0,53,38202.58,16.3,172,中雨
2024-01-31,17.7,5.1,10.6,0.0,0.0,0.0,3,38248.82,33.4,213,阴
2024-02-01,15.3,0.2,6.8,0.1,0.1,0.0,51,38294.48,22.2,140,小雨
2024-02-02,18.7,4.8,10.5,0.6,0.6,0.0,51,38339.54,31.1,205,小雨
2024-02-03,12.3,1.1,7.1,8.4,8.4,0.0,63,21354.47,18.8,152,中雨
2024-02-04,14.4,0.9,6.7,0.2,0.2,0.0,51,31095.04,18.7,138,小雨
2024-02-05,6.3,1.6,4.5,1.3,1.3,0.0,51,216.24,14.1,89,小雨
2024-02-06,7.8,0.8,3.2,0.9,0.9,0.0,51,5981.07,14.5,64,小雨
2024-02-07,3.4,-0.1,1.1,0.0,0.0,0.0,3,0.0,14.3,47,阴
2024-02-08,3.6,-0.6,0.9,0.0,0.0,0.0,3,0.0,14.5,64,阴
2024-02-09,9.8,0.1,3.8,0.0,0.0,0.0,3,32017.64,15.9,15,阴
2024-02-10,13.7,-1.4,5.2,0.0,0.0,0.0,2,38692.91,13.7,186,多云
2024-02-11,13.5,-0.5,6.4,0.0,0.0,0.0,3,38735.91,24.1,186,阴
2024-02-12,17.3,0.4,8.5,2.0,2.0,0.0,55,36000.0,24.6,175,大雨
2024-02-13,20.7,2.2,10.6,0.0,0.0,0.0,0,38820.86,16.3,201,晴
2024-02-14,19.4,4.9,10.4,0.0,0.0,0.0,3,38862.77,22.0,105,阴
2024-02-15,7.8,3.5,5.4,1.1,1.1,0.0,51,0.0,20.3,10,小雨
2024-02-16,15.4,4.0,7.8,0.0,0.0,0.0,3,24545.38,17.9,173,阴
2024-02-17,21.7,4.2,12.3,0.0,0.0,0.0,1,38986.05,31.6,214,晴转多云
2024-02-18,24.1,11.6,16.6,0.0,0.0,0.0,0,39438.89,40.2,232,晴
2024-02-19,23.3,6.4,15.7,0.0,0.0,0.0,2,39452.67,29.1,209,多云
2024-02-20,23.5,12.4,17.6,0.0,0.0,0.0,0,39465.71,40.6,222,晴
2024-02-21,23.1,5.8,14.8,0.0,0.0,0.0,3,39741.32,29.8,225,阴
2024-02-22,15.2,2.2,7.2,0.0,0.0,0.0,3,29164.34,26.4,117,阴
2024-02-23,8.4,1.9,5.0,0.0,0.0,0.0,3,20298.5,20.4,121,阴
2024-02-24,7.4,-0.4,3.0,0.1,0.1,0.0,51,12472.85,13.5,97,小雨
2024-02-25,12.3,1.7,5.6,0.0,0.0,0.0,3,28972.77,22.1,146,阴
2024-02-26,8.4,-0.7,3.3,0.0,0.0,0.0,3,25387.93,19.0,107,阴
2024-02-27,9.6,-0.4,3.3,0.0,0.0,0.0,3,26782.08,19.0,115,阴
2024-02-28,10.9,0.9,4.6,0.3,0.3,0.0,51,25111.17,21.2,96,小雨
2024-02-29,8.2,0.2,3.3,0.0,0.0,0.0,3,18253.74,19.4,57,阴
2024-03-01,8.9,1.1,3.1,1.4,1.1,0.21,71,16821.29,18.8,96,小雪
2024-03-02,10.6,0.8,4.0,0.2,0.2,0.0,51,24839.22,19.6,138,小雨
2024-03-03,17.0,1.5,7.2,0.0,0.0,0.0,3,39540.39,21.8,150,阴
2024-03-04,28.0,5.0,14.9,0.0,0.0,0.0,2,40854.06,26.9,221,多云
2024-03-05,17.5,3.3,9.5,0.0,0.0,0.0,3,36000.0,22.2,63,阴
2024-03-06,10.7,4.7,7.0,0.2,0.2,0.0,51,7405.62,21.8,52,小雨
2024-03-07,7.8,4.2,5.8,0.8,0.8,0.0,51,18.28,17.6,50,小雨
2024-03-08,10.2,4.2,6.6,2.3,2.3,0.0,51,12146.2,20.7,142,小雨
2024-03-09,11.4,4.6,7.2,1.2,1.2,0.0,51,5175.24,19.5,107,小雨
2024-03-10,11.5,6.1,8.0,2.0,2.0,0.0,51,9176.16,20.4,99,小雨
2024-03-11,17.9,4.8,10.4,0.5,0.5,0.0,51,42146.09,17.6,178,小雨
2024-03-12,17.2,4.8,11.0,0.0,0.0,0.0,3,36696.32,25.8,154,阴
2024-03-13,13.4,8.1,10.4,0.9,0.9,0.0,51,7978.39,17.6,51,小雨
2024-03-14,13.5,7.4,9.7,1.2,1.2,0.0,51,11401.38,19.2,129,小雨
2024-03-15,20.9,9.2,13.1,0.1,0.1,0.0,51,36000.0,20.7,160,小雨
2024-03-16,21.1,10.5,13.8,2.6,2.6,0.0,51,29631.32,22.8,131,小雨
2024-03-17,19.5,9.5,13.4,0.0,0.0,0.0,3,28684.65,22.0,106,阴
2024-03-18,13.3,6.1,9.7,1.9,1.9,0.0,53,21824.29,25.4,12,中雨
2024-03-19,11.1,5.0,7.2,1.2,1.2,0.0,51,1434.6,21.6,41,小雨
2024-03-20,13.0,6.5,8.8,0.6,0.6,0.0,51,11691.9,14.6,153,小雨
2024-03-21,22.9,3.5,13.0,0.0,0.0,0.0,3,42785.94,23.2,150,阴
2024-03-22,25.8,8.7,16.6,0.0,0.0,0.0,3,39600.0,28.5,195,阴
2024-03-23,24.9,11.4,18.1,0.0,0.0,0.0,0,42918.79,22.6,202,晴
2024-03-24,25.8,12.4,18.6,0.0,0.0,0.0,2,42985.29,29.0,215,多云
2024-03-25,21.4,7.7,14.0,0.0,0.0,0.0,3,43051.73,17.2,34,阴
2024-03-26,22.3,9.7,15.2,0.0,0.0,0.0,3,32702.32,29.0,157,阴
2024-03-27,26.4,11.2,16.8,0.3,0.3,0.0,51,43184.07,35.4,233,小雨
2024-03-28,20.8,7.2,12.8,6.9,6.9,0.0,63,42427.61,24.2,354,中雨
2024-03-29,21.3,8.2,14.4,1.7,1.7,0.0,53,43200.0,22.8,200,中雨
2024-03-30,25.4,9.9,16.1,3.2,3.2,0.0,61,43200.0,19.9,39,小雨
2024-03-31,22.7,9.4,16.2,1.3,1.3,0.0,53,40156.77,19.1,171,中雨
2024-04-01,27.7,13.1,19.0,0.4,0.4,0.0,51,41989.09,21.3,219,小雨
2024-04-02,28.5,8.4,18.0,0.9,0.9,0.0,53,43200.0,10.9,243,中雨
2024-04-03,22.4,10.4,16.1,1.5,1.5,0.0,53,40971.85,17.2,19,中雨
2024-04-04,17.4,10.6,14.1,5.6,5.6,0.0,55,21087.17,17.7,39,大雨
2024-04-05,18.0,10.6,13.4,10.8,10.8,0.0,63,15960.45,17.1,129,中雨
2024-04-06,15.4,9.9,12.4,5.1,5.1,0.0,61,2508.81,15.8,106,小雨
2024-04-07,15.4,8.8,11.4,2.9,2.9,0.0,53,6613.17,16.8,62,中雨
2024-04-08,19.3,8.6,13.1,0.0,0.0,0.0,3,38071.13,16.3,82,阴
2024-04-09,16.5,10.5,12.9,0.6,0.6,0.0,51,14719.65,20.1,144,小雨
2024-04-10,25.9,12.3,17.1,5.4,5.4,0.0,63,38734.11,20.7,113,中雨
2024-04-11,23.7,13.8,16.6,23.5,23.5,0.0,65,30104.82,17.7,130,大雨
2024-04-12,26.1,13.5,18.1,3.5,3.5,0.0,61,36815.27,20.3,138,小雨
2024-04-13,28.5,12.7,19.8,0.9,0.9,0.0,53,43200.0,24.1,251,中雨
2024-04-14,26.8,11.4,18.7,0.0,0.0,0.0,3,38554.18,17.8,153,阴
2024-04-15,29.0,11.9,20.4,0.0,0.0,0.0,3,43200.0,22.8,174,阴
2024-04-16,29.0,10.8,18.8,0.3,0.3,0.0,51,43200.0,27.6,64,小雨
2024-04-17,22.7,15.0,17.6,16.5,16.5,0.0,65,29885.95,12.1,90,大雨
2024-04-18,26.0,14.3,18.2,1.8,1.8,0.0,53,39600.0,25.6,167,中雨
2024-04-19,21.8,11.3,16.6,0.7,0.7,0.0,51,33251.91,16.3,23,小雨
2024-04-20,19.3,12.3,15.1,16.2,16.2,0.0,63,21670.15,21.7,26,中雨
2024-04-21,17.7,11.4,14.0,0.6,0.6,0.0,51,5243.23,13.5,52,小雨
2024-04-22,19.9,12.2,15.1,6.5,6.5,0.0,63,28800.0,16.1,113,中雨
2024-04-23,17.0,11.3,13.8,4.6,4.6,0.0,53,7117.28,14.9,36,中雨
2024-04-24,22.0,12.0,15.8,4.0,4.0,0.0,61,28800.0,20.8,156,小雨
2024-04-25,21.0,11.8,14.8,5.9,5.9,0.0,63,27732.56,14.3,31,中雨
2024-04-26,24.5,9.1,15.8,2.3,2.3,0.0,53,42206.73,14.1,207,中雨
2024-04-27,21.4,11.8,16.2,0.9,0.9,0.0,51,34404.69,11.3,320,小雨
2024-04-28,26.1,10.6,18.5,0.0,0.0,0.0,3,43590.39,25.3,167,阴
2024-04-29,28.3,15.2,20.3,0.3,0.3,0.0,51,43568.09,28.0,231,小雨
2024-04-30,18.8,10.3,14.3,0.2,0.2,0.0,51,32011.2,22.5,15,小雨
2024-05-01,14.5,9.1,11.6,1.8,1.8,0.0,51,0.0,17.0,97,小雨
2024-05-02,17.4,10.0,13.2,1.9,1.9,0.0,51,19313.73,21.3,148,小雨
2024-05-03,21.9,11.5,15.4,19.9,19.9,0.0,63,30293.01,18.5,97,中雨
2024-05-04,17.4,10.5,13.0,1.6,1.6,0.0,53,23947.42,15.7,2,中雨
2024-05-05,22.0,7.8,14.8,2.9,2.9,0.0,61,30041.23,16.6,166,小雨
2024-05-06,22.0,12.6,16.0,17.5,17.5,0.0,63,18521.09,14.2,191,中雨
2024-05-07,20.7,13.4,16.2,9.7,9.7,0.0,63,35635.86,14.4,46,中雨
2024-05-08,17.5,13.5,14.8,22.6,22.6,0.0,63,955.39,16.6,117,中雨
2024-05-09,21.1,13.2,15.9,6.2,6.2,0.0,61,19614.48,17.7,165,小雨
2024-05-10,25.0,14.7,18.8,0.5,0.5,0.0,51,39558.53,25.2,198,小雨
2024-05-11,18.9,11.7,15.2,3.2,3.2,0.0,61,24327.67,24.4,8,小雨
2024-05-12,19.1,10.4,14.7,0.7,0.7,0.0,51,36048.39,21.0,2,小雨
2024-05-13,21.0,8.3,15.0,0.0,0.0,0.0,3,43168.39,13.5,25,阴
2024-05-14,23.1,11.2,16.6,6.6,6.6,0.0,61,42322.03,20.3,178,小雨
2024-05-15,18.9,14.3,16.3,12.5,12.5,0.0,63,23849.44,22.8,22,中雨
2024-05-16,21.3,13.3,16.9,3.5,3.5,0.0,55,30301.85,19.5,168,大雨
2024-05-17,21.3,15.4,17.4,17.0,17.0,0.0,63,23327.12,12.4,125,中雨
2024-05-18,22.7,15.3,17.6,14.8,14.8,0.0,63,31886.83,13.0,56,中雨
2024-05-19,21.6,14.4,17.2,5.0,5.0,0.0,61,42481.45,22.1,18,小雨
2024-05-20,21.2,13.2,17.0,0.0,0.0,0.0,3,36932.95,28.4,347,阴
2024-05-21,21.7,11.4,16.5,0.5,0.5,0.0,51,44135.04,21.2,359,小雨
2024-05-22,22.8,10.2,17.0,0.3,0.3,0.0,51,38238.55,8.5,338,小雨
2024-05-23,24.3,10.9,18.0,0.5,0.5,0.0,51,47791.27,13.0,156,小雨
2024-05-24,25.5,12.2,19.2,1.9,1.9,0.0,53,47800.58,16.4,187,中雨
2024-05-25,25.6,13.9,19.6,1.6,1.6,0.0,61,45595.69,19.3,186,小雨
2024-05-26,24.9,16.1,20.4,1.4,1.4,0.0,51,39876.79,13.6,345,小雨
2024-05-27,25.0,16.2,20.2,1.4,1.4,0.0,53,26774.2,10.7,43,中雨
2024-05-28,22.1,16.8,18.8,12.1,12.1,0.0,63,8838.78,23.3,148,中雨
2024-05-29,26.0,15.6,20.0,18.4,18.4,0.0,63,18204.39,19.4,136,中雨
2024-05-30,18.6,12.3,15.0,0.6,0.6,0.0,51,15086.09,27.8,359,小雨
2024-05-31,21.4,11.7,16.4,0.0,0.0,0.0,3,28409.58,11.7,19,阴
2024-06-01,22.1,11.6,17.1,0.0,0.0,0.0,3,21583.46,15.6,143,阴
2024-06-02,22.6,14.6,17.8,12.1,12.1,0.0,63,11419.99,19.0,101,中雨
2024-06-03,18.8,14.0,15.9,23.4,23.4,0.0,63,1005.87,14.4,66,中雨
2024-06-04,18.4,14.4,15.9,9.5,9.5,0.0,61,0.0,16.9,42,小雨
2024-06-05,21.2,13.3,16.4,5.5,5.5,0.0,61,31958.04,13.5,104,小雨
2024-06-06,23.9,12.5,18.3,0.2,0.2,0.0,51,32993.18,21.3,177,小雨
2024-06-07,20.8,16.0,17.9,37.0,37.0,0.0,63,6212.62,17.3,37,中雨
2024-06-08,22.3,15.0,17.5,12.7,12.7,0.0,61,8039.73,19.2,50,小雨
2024-06-09,18.5,13.9,16.1,2.5,2.5,0.0,53,0.0,15.0,22,中雨
2024-06-10,23.0,12.4,18.2,2.7,2.7,0.0,55,43380.04,13.8,152,大雨
2024-06-11,23.4,16.8,19.3,10.7,10.7,0.0,63,19171.15,16.0,84,中雨
2024-06-12,23.8,14.2,19.2,0.0,0.0,0.0,3,36195.81,9.8,333,阴
2024-06-13,23.9,14.8,19.1,18.9,18.9,0.0,63,39335.56,12.7,30,中雨
2024-06-14,24.2,16.0,19.9,2.0,2.0,0.0,61,33527.03,14.2,10,小雨
2024-06-15,26.7,13.8,19.9,0.3,0.3,0.0,51,48842.55,12.1,270,小雨
2024-06-16,26.4,15.1,20.3,27.6,27.6,0.0,65,38277.82,13.4,179,大雨
2024-06-17,23.2,18.3,20.0,45.6,45.6,0.0,65,23413.21,18.4,19,大雨
2024-06-18,23.5,16.1,18.9,13.0,13.0,0.0,63,16431.74,10.2,87,中雨
2024-06-19,24.8,17.7,20.1,18.1,18.1,0.0,63,17213.52,14.7,152,中雨
2024-06-20,27.9,17.0,21.8,2.9,2.9,0.0,61,39136.87,24.6,180,小雨
2024-06-21,25.4,18.8,21.1,14.0,14.0,0.0,63,25966.38,11.7,134,中雨
2024-06-22,22.1,17.4,19.2,20.3,20.3,0.0,63,10674.03,11.8,31,中雨
2024-06-23,23.5,16.6,19.2,24.2,24.2,0.0,65,15463.53,10.5,54,大雨
2024-06-24,23.1,16.2,18.9,26.2,26.2,0.0,63,32058.71,20.4,10,中雨
2024-06-25,21.8,14.6,17.8,1.1,1.1,0.0,51,27358.6,13.0,46,小雨
2024-06-26,21.7,15.4,18.3,2.9,2.9,0.0,61,14868.33,17.1,141,小雨
2024-06-27,25.5,17.3,20.4,5.6,5.6,0.0,63,24858.59,23.8,180,中雨
2024-06-28,25.3,18.8,21.2,3.5,3.5,0.0,53,20089.27,20.9,186,中雨
2024-06-29,23.8,17.7,19.6,6.6,6.6,0.0,61,13413.59,8.5,26,小雨
2024-06-30,24.6,18.0,20.5,26.5,26.5,0.0,65,19707.72,13.8,171,大雨
2024-07-01,24.1,15.6,19.1,8.4,8.4,0.0,63,21747.52,23.5,352,中雨
2024-07-02,24.8,13.4,19.4,0.5,0.5,0.0,51,42818.36,16.6,169,小雨
2024-07-03,23.8,17.1,19.9,2.8,2.8,0.0,53,26102.7,24.1,173,中雨
2024-07-04,24.0,18.4,20.5,0.6,0.6,0.0,51,22526.49,22.3,181,小雨
2024-07-05,23.8,18.5,20.5,2.0,2.0,0.0,53,15503.98,22.4,186,中雨
2024-07-06,26.1,18.4,21.4,1.1,1.1,0.0,53,42806.02,23.4,184,中雨
2024-07-07,27.5,18.9,22.5,0.1,0.1,0.0,51,42800.23,34.4,191,小雨
2024-07-08,28.1,18.6,22.5,0.5,0.5,0.0,51,39738.99,28.0,189,小雨
2024-07-09,26.8,18.7,21.7,0.7,0.7,0.0,51,37488.0,18.0,178,小雨
2024-07-10,25.5,18.7,21.2,9.4,9.4,0.0,63,28918.21,16.5,176,中雨
2024-07-11,25.2,18.2,20.9,15.8,15.8,0.0,63,36000.0,14.5,171,中雨
2024-07-12,25.9,18.5,21.5,1.3,1.3,0.0,53,32846.62,14.6,177,中雨
2024-07-13,24.7,18.1,20.9,3.3,3.3,0.0,61,25249.74,17.8,175,小雨
2024-07-14,24.4,18.9,20.9,3.4,3.4,0.0,55,28650.4,21.7,173,大雨
2024-07-15,26.1,18.6,21.4,1.0,1.0,0.0,51,43427.43,26.6,178,小雨
2024-07-16,26.7,18.5,21.9,0.0,0.0,0.0,3,40555.09,25.9,186,阴
2024-07-17,27.0,18.4,21.8,0.0,0.0,0.0,3,41715.28,25.2,181,阴
2024-07-18,26.3,18.1,21.6,0.9,0.9,0.0,51,44866.54,21.8,175,小雨
2024-07-19,26.7,19.1,22.0,0.1,0.1,0.0,51,41128.59,25.9,179,小雨
2024-07-20,26.0,19.1,21.5,0.4,0.4,0.0,51,20556.53,21.3,182,小雨
2024-07-21,26.0,19.2,21.8,1.7,1.7,0.0,53,41694.62,22.9,177,中雨
2024-07-22,27.6,17.5,21.8,0.0,0.0,0.0,3,42547.48,22.8,182,阴
2024-07-23,27.9,17.5,22.1,0.0,0.0,0.0,3,43245.98,20.6,173,阴
2024-07-24,26.9,17.3,21.9,0.8,0.8,0.0,51,41993.03,16.8,162,小雨
2024-07-25,26.7,16.5,21.7,0.5,0.5,0.0,51,41245.14,13.7,42,小雨
2024-07-26,27.5,16.7,22.1,1.6,1.6,0.0,51,46394.39,10.8,358,小雨
2024-07-27,26.7,17.6,21.5,12.9,12.9,0.0,63,27834.45,10.9,30,中雨
2024-07-28,25.4,18.8,20.9,28.9,28.9,0.0,65,28099.42,15.0,40,大雨
2024-07-29,23.7,18.3,19.8,17.9,17.9,0.0,63,19538.14,10.8,62,中雨
2024-07-30,21.6,17.3,19.2,2.4,2.4,0.0,51,5369.63,15.2,31,小雨
2024-07-31,23.5,16.9,19.9,0.5,0.5,0.0,51,38344.14,15.9,51,小雨
2024-08-01,24.9,14.9,19.7,2.5,2.5,0.0,55,44594.98,12.1,127,大雨
2024-08-02,24.0,17.2,20.0,11.9,11.9,0.0,63,26971.1,11.6,148,中雨
2024-08-03,24.0,18.2,20.3,3.5,3.5,0.0,61,35726.9,20.6,156,小雨
2024-08-04,24.0,16.7,20.2,1.3,1.3,0.0,51,34644.68,15.9,173,小雨
2024-08-05,25.9,18.0,21.1,0.7,0.7,0.0,51,32798.05,14.4,190,小雨
2024-08-06,26.1,15.8,20.5,2.9,2.9,0.0,61,39748.57,14.5,186,小雨
2024-08-07,26.4,17.8,21.2,1.3,1.3,0.0,53,41363.22,18.2,188,中雨
2024-08-08,27.7,17.9,22.0,0.3,0.3,0.0,51,41381.52,22.9,188,小雨
2024-08-09,28.1,17.7,21.6,11.6,11.6,0.0,63,43663.64,12.9,188,中雨
2024-08-10,24.6,16.8,19.6,11.3,11.3,0.0,65,30745.29,21.6,2,大雨
2024-08-11,25.0,16.1,20.1,0.0,0.0,0.0,3,44506.54,23.8,0,阴
2024-08-12,26.0,14.6,20.2,0.0,0.0,0.0,3,44571.26,17.3,17,阴
2024-08-13,25.3,14.9,20.3,0.3,0.3,0.0,51,44340.42,12.2,47,小雨
2024-08-14,25.1,15.1,20.1,0.8,0.8,0.0,51,43580.27,11.2,60,小雨
2024-08-15,25.4,14.8,19.7,1.5,1.5,0.0,53,43882.25,17.7,21,中雨
2024-08-16,24.0,14.3,18.8,2.0,2.0,0.0,53,43294.23,17.7,7,中雨
2024-08-17,24.9,14.6,19.4,7.8,7.8,0.0,63,43200.0,15.8,17,中雨
2024-08-18,23.0,17.0,19.9,2.6,2.6,0.0,53,28283.09,11.3,358,中雨
2024-08-19,27.0,14.9,20.9,0.0,0.0,0.0,3,43200.0,12.0,36,阴
2024-08-20,27.5,15.3,21.1,0.0,0.0,0.0,3,40059.32,13.8,153,阴
2024-08-21,28.1,15.1,21.5,0.0,0.0,0.0,3,43422.95,16.8,168,阴
2024-08-22,28.4,16.4,21.9,0.0,0.0,0.0,3,39923.26,16.4,178,阴
2024-08-23,28.1,17.6,22.1,0.0,0.0,0.0,3,40962.14,15.9,153,阴
2024-08-24,27.3,16.1,21.4,0.0,0.0,0.0,3,39702.44,15.2,120,阴
2024-08-25,26.3,16.1,21.1,0.2,0.2,0.0,51,41634.78,15.9,145,小雨
2024-08-26,26.9,15.6,21.2,1.5,1.5,0.0,53,40054.66,11.1,145,中雨
2024-08-27,27.5,16.9,21.9,1.5,1.5,0.0,53,42994.56,12.0,148,中雨
2024-08-28,27.7,16.4,22.3,1.1,1.1,0.0,51,43200.0,11.7,164,小雨
2024-08-29,27.7,16.8,22.0,1.5,1.5,0.0,51,43200.0,12.6,176,小雨
2024-08-30,24.9,17.2,20.8,6.0,6.0,0.0,61,40799.16,16.8,161,小雨
2024-08-31,26.6,17.8,21.7,6.4,6.4,0.0,63,40315.26,13.6,160,中雨
2024-09-01,26.7,16.1,20.8,3.1,3.1,0.0,55,37530.6,14.2,160,大雨
2024-09-02,27.6,16.3,20.7,11.0,11.0,0.0,65,32400.0,15.7,178,大雨
2024-09-03,26.9,17.7,21.6,0.6,0.6,0.0,51,39490.2,18.9,185,小雨
2024-09-04,27.6,15.1,20.8,1.6,1.6,0.0,53,43200.0,16.4,173,中雨
2024-09-05,27.3,15.2,20.5,0.9,0.9,0.0,51,43200.0,21.6,29,小雨
2024-09-06,25.1,16.9,20.1,9.1,9.1,0.0,61,38790.87,16.9,50,小雨
2024-09-07,22.5,17.4,19.4,9.0,9.0,0.0,63,23937.87,20.2,42,中雨
2024-09-08,22.8,17.3,19.1,10.3,10.3,0.0,61,26192.14,18.4,107,小雨
2024-09-09,23.3,17.1,18.9,6.4,6.4,0.0,55,29171.34,18.1,119,大雨
2024-09-10,23.4,16.6,18.7,17.4,17.4,0.0,65,31769.46,17.1,74,大雨
2024-09-11,21.8,14.7,18.0,13.4,13.4,0.0,63,35397.94,14.5,101,中雨
2024-09-12,24.8,15.2,19.2,1.0,1.0,0.0,51,41162.7,13.7,175,小雨
2024-09-13,25.5,14.7,19.4,0.4,0.4,0.0,51,41195.72,13.8,175,小雨
2024-09-14,26.0,14.9,20.1,0.4,0.4,0.0,51,43200.0,13.0,167,小雨
2024-09-15,25.6,16.0,19.9,7.0,7.0,0.0,61,39991.94,16.8,147,小雨
2024-09-16,24.7,16.6,19.4,6.1,6.1,0.0,55,42699.44,18.2,93,大雨
2024-09-17,23.7,16.6,19.6,5.9,5.9,0.0,61,39180.48,13.7,73,小雨
2024-09-18,25.1,14.7,19.5,0.8,0.8,0.0,51,42050.59,11.8,46,小雨
2024-09-19,26.3,14.0,20.4,0.0,0.0,0.0,3,42982.83,13.6,63,阴
2024-09-20,25.8,14.9,20.2,1.6,1.6,0.0,53,42913.77,19.1,18,中雨
2024-09-21,22.7,16.7,18.9,8.7,8.7,0.0,63,33154.83,25.9,11,中雨
2024-09-22,21.5,16.6,18.1,11.7,11.7,0.0,63,34159.05,19.1,30,中雨
2024-09-23,23.4,13.7,18.3,3.4,3.4,0.0,53,39107.75,14.4,35,中雨
2024-09-24,23.3,12.3,18.2,0.2,0.2,0.0,51,42458.16,15.0,79,小雨
2024-09-25,24.0,13.5,18.8,1.6,1.6,0.0,51,33137.01,14.3,143,小雨
2024-09-26,24.6,14.8,18.9,9.5,9.5,0.0,63,31576.65,12.8,186,中雨
2024-09-27,25.2,16.4,19.9,0.6,0.6,0.0,51,36000.0,18.8,180,小雨
2024-09-28,25.8,17.1,20.6,0.2,0.2,0.0,51,36574.07,21.6,175,小雨
2024-09-29,25.2,18.0,20.6,4.4,4.4,0.0,61,33749.91,15.3,163,小雨
2024-09-30,18.7,10.8,14.2,16.9,16.9,0.0,63,8142.95,25.0,358,中雨
2024-10-01,12.3,9.9,10.9,2.6,2.6,0.0,53,1326.01,26.5,357,中雨
2024-10-02,16.3,8.0,11.9,0.0,0.0,0.0,3,12178.31,12.5,32,阴
2024-10-03,14.8,10.6,12.2,0.7,0.7,0.0,51,5327.44,16.2,134,小雨
2024-10-04,20.1,10.5,14.8,0.6,0.6,0.0,51,35808.08,15.8,156,小雨
2024-10-05,20.4,11.3,15.3,3.0,3.0,0.0,61,21278.9,18.7,145,小雨
2024-10-06,14.0,10.8,12.2,4.2,4.2,0.0,55,848.35,12.0,32,大雨
2024-10-07,15.3,10.4,12.5,0.7,0.7,0.0,51,1414.15,12.5,21,小雨
2024-10-08,15.7,10.5,12.7,0.5,0.5,0.0,51,1362.42,9.8,79,小雨
2024-10-09,18.4,9.8,14.1,0.2,0.2,0.0,51,21626.77,10.8,63,小雨
2024-10-10,13.3,11.6,12.3,5.4,5.4,0.0,53,0.0,9.6,123,中雨
2024-10-11,15.5,11.2,13.0,2.7,2.7,0.0,51,0.0,17.9,157,小雨
2024-10-12,18.6,12.4,14.9,14.9,14.9,0.0,63,10411.55,17.6,142,中雨
2024-10-13,18.1,11.7,14.2,31.1,31.1,0.0,65,11079.18,12.9,25,大雨
2024-10-14,18.2,11.0,14.2,11.3,11.3,0.0,63,12788.33,11.2,59,中雨
2024-10-15,19.0,11.4,14.8,1.3,1.3,0.0,51,33001.05,12.3,81,小雨
2024-10-16,18.2,11.7,14.6,2.7,2.7,0.0,53,21052.66,23.1,162,中雨
2024-10-17,22.9,13.9,17.1,2.8,2.8,0.0,53,32920.04,14.2,192,中雨
2024-10-18,21.3,13.5,16.5,6.0,6.0,0.0,55,36000.0,11.3,142,大雨
2024-10-19,21.8,14.2,17.0,4.9,4.9,0.0,61,36000.0,20.0,158,小雨
2024-10-20,21.7,14.4,17.4,4.5,4.5,0.0,61,30323.36,21.0,178,小雨
2024-10-21,24.1,15.7,18.6,1.4,1.4,0.0,51,25386.14,22.9,189,小雨
2024-10-22,15.3,12.2,14.0,1.7,1.7,0.0,51,0.0,22.7,12,小雨
2024-10-23,18.1,10.3,13.5,0.0,0.0,0.0,3,38363.47,14.7,151,阴
2024-10-24,20.6,8.8,14.4,0.0,0.0,0.0,3,38193.38,18.7,165,阴
2024-10-25,20.2,11.3,14.8,0.0,0.0,0.0,3,33545.43,14.3,57,阴
2024-10-26,17.7,9.8,13.2,0.0,0.0,0.0,3,36000.0,21.3,15,阴
2024-10-27,15.6,8.5,11.6,0.0,0.0,0.0,3,16042.71,21.6,12,阴
2024-10-28,18.6,6.8,12.3,0.0,0.0,0.0,3,33495.98,17.2,95,阴
2024-10-29,20.6,6.5,12.9,0.0,0.0,0.0,3,38888.58,18.7,180,阴
2024-10-30,19.8,9.3,14.0,0.3,0.3,0.0,51,22662.26,17.6,170,小雨
2024-10-31,19.6,11.8,14.6,3.2,3.2,0.0,53,13406.8,17.9,76,中雨
2024-11-01,14.7,10.8,12.3,4.6,4.6,0.0,55,2822.14,14.5,20,大雨
2024-11-02,18.9,7.9,13.3,0.0,0.0,0.0,3,35436.43,14.7,69,阴
2024-11-03,17.7,7.9,12.7,7.5,7.5,0.0,61,23081.17,15.0,107,小雨
2024-11-04,13.8,10.0,11.9,6.2,6.2,0.0,55,0.0,16.7,27,大雨
2024-11-05,14.5,9.2,11.5,0.3,0.3,0.0,51,2521.48,14.0,90,小雨
2024-11-06,14.7,9.3,12.0,1.5,1.5,0.0,51,8950.46,15.6,146,小雨
2024-11-07,15.0,10.3,12.0,7.4,7.4,0.0,61,0.0,14.6,148,小雨
2024-11-08,13.3,10.6,11.8,8.9,8.9,0.0,55,0.0,9.7,182,大雨
2024-11-09,20.9,10.3,14.0,0.0,0.0,0.0,3,32400.0,15.8,186,阴
2024-11-10,18.7,10.4,13.5,0.8,0.8,0.0,51,28800.0,20.3,163,小雨
2024-11-11,16.2,10.1,13.5,3.6,3.6,0.0,53,8417.87,14.0,146,中雨
2024-11-12,21.6,12.0,15.8,0.0,0.0,0.0,3,28800.0,21.5,180,阴
2024-11-13,23.3,11.2,15.6,0.0,0.0,0.0,3,32400.0,16.8,186,阴
2024-11-14,21.3,10.5,14.7,0.7,0.7,0.0,51,32400.0,12.9,183,小雨
2024-11-15,21.0,8.9,14.3,0.1,0.1,0.0,51,32400.0,14.2,173,小雨
2024-11-16,19.7,10.9,14.0,6.7,6.7,0.0,61,23194.52,12.5,85,小雨
2024-11-17,18.1,8.4,12.4,4.4,4.4,0.0,61,20349.12,20.1,105,小雨
2024-11-18,13.5,6.5,10.0,5.6,5.6,0.0,61,19907.95,21.1,110,小雨
2024-11-19,9.8,4.7,7.2,4.0,4.0,0.0,55,0.0,12.2,51,大雨
2024-11-20,10.5,4.3,6.8,3.6,3.6,0.0,53,342.0,12.6,60,中雨
2024-11-21,7.9,5.6,6.6,4.6,4.6,0.0,53,0.0,9.8,48,中雨
2024-11-22,12.3,5.3,7.9,1.6,1.6,0.0,53,10051.47,13.2,120,中雨
2024-11-23,12.7,7.5,9.2,1.0,1.0,0.0,51,13111.09,17.1,158,小雨
2024-11-24,15.0,8.9,10.7,7.5,7.5,0.0,55,20527.17,17.1,118,大雨
2024-11-25,8.6,2.3,5.6,4.4,3.8,0.42,73,449.59,18.1,17,中雪
2024-11-26,7.8,2.0,4.4,4.1,3.4,0.49,73,377.71,14.0,119,中雪
2024-11-27,6.2,1.5,3.6,3.1,2.9,0.14,71,741.37,13.9,29,小雪
2024-11-28,8.7,3.1,5.1,0.7,0.7,0.0,51,10238.93,9.4,71,小雨
2024-11-29,13.4,3.3,7.0,0.0,0.0,0.0,3,29819.58,16.6,174,阴
2024-11-30,15.3,4.5,8.0,0.3,0.3,0.0,51,28800.0,12.9,189,小雨
2024-12-01,13.5,2.3,7.4,0.1,0.1,0.0,51,20643.17,13.0,121,小雨
2024-12-02,15.8,7.8,10.0,0.3,0.3,0.0,51,25965.06,17.8,164,小雨
2024-12-03,11.5,5.9,8.5,5.9,5.9,0.0,61,5379.51,10.4,65,小雨
2024-12-04,10.3,5.6,7.9,2.8,2.8,0.0,55,1746.16,13.6,33,大雨
2024-12-05,8.6,4.3,6.0,3.3,3.3,0.0,51,7200.0,12.2,69,小雨
2024-12-06,6.4,3.4,4.7,8.9,8.9,0.0,61,0.0,10.7,68,小雨
2024-12-07,4.4,1.8,2.9,7.7,7.7,0.0,55,0.0,12.8,36,大雨
2024-12-08,3.8,0.8,1.9,3.9,3.9,0.0,53,0.0,14.1,132,中雨
2024-12-09,8.9,1.0,3.8,0.4,0.4,0.0,51,22120.81,17.9,144,小雨
2024-12-10,6.6,1.3,3.8,0.0,0.0,0.0,3,0.0,16.3,61,阴
2024-12-11,6.7,0.4,2.8,1.3,0.6,0.49,71,3946.84,15.7,80,小雪
2024-12-12,4.4,0.3,2.3,2.2,2.0,0.14,71,0.0,14.1,70,小雪
2024-12-13,2.8,-0.5,1.1,2.8,1.6,0.84,71,0.0,11.3,54,小雪
2024-12-14,4.5,-1.8,0.2,1.8,1.1,0.49,71,21600.0,12.9,45,小雪
2024-12-15,12.4,-1.1,3.3,0.4,0.4,0.0,51,32400.0,11.8,12,小雨
2024-12-16,12.7,1.1,4.9,0.0,0.0,0.0,3,25772.52,14.9,175,阴
2024-12-17,8.0,2.7,4.5,1.6,1.6,0.0,51,0.0,11.9,61,小雨
2024-12-18,4.4,1.9,3.0,1.7,1.7,0.0,51,0.0,14.1,137,小雨
2024-12-19,9.4,0.9,4.3,3.5,3.5,0.0,53,20483.04,14.4,158,中雨
2024-12-20,5.3,2.0,3.5,1.1,1.1,0.0,51,0.0,10.3,123,小雨
2024-12-21,4.7,1.0,2.5,1.3,1.3,0.0,51,0.0,11.7,102,小雨
2024-12-22,4.7,1.7,2.8,1.5,1.5,0.0,51,0.0,14.4,147,小雨
2024-12-23,11.2,1.2,4.2,0.5,0.5,0.0,51,26893.65,14.3,136,小雨
2024-12-24,4.5,1.2,2.9,1.3,1.3,0.0,51,0.0,14.6,122,小雨
2024-12-25,7.3,1.9,4.0,0.1,0.1,0.0,51,2224.69,11.6,121,小雨
2024-12-26,7.1,0.1,2.7,0.1,0.1,0.0,51,8264.75,12.6,77,小雨
2024-12-27,8.0,1.6,3.6,0.8,0.8,0.0,51,8374.07,15.3,38,小雨
2024-12-28,7.3,0.7,2.7,0.5,0.3,0.14,71,16245.07,13.3,147,小雪
2024-12-29,12.0,1.8,5.1,0.5,0.5,0.0,51,21600.0,15.0,145,小雨
2024-12-30,5.7,0.2,2.5,0.1,0.1,0.0,51,0.0,11.5,47,小雨
2024-12-31,9.3,0.5,4.2,0.4,0.4,0.0,51,26225.74,15.6,178,小雨
2025-01-01,15.3,0.3,7.0,0.0,0.0,0.0,3,30203.92,15.3,160,阴
2025-01-02,6.5,3.8,5.3,1.9,1.9,0.0,51,0.0,11.0,31,小雨
2025-01-03,15.4,1.0,6.6,0.0,0.0,0.0,3,28479.42,22.5,193,阴
2025-01-04,10.1,1.5,5.3,3.2,2.4,0.56,73,27.94,24.0,25,中雪
2025-01-05,14.6,-2.5,5.2,0.0,0.0,0.0,3,36033.99,13.3,212,阴
2025-01-06,6.3,-0.1,3.5,0.4,0.4,0.0,51,0.0,12.2,150,小雨
2025-01-07,5.0,1.3,3.3,6.4,6.4,0.0,55,0.0,13.6,48,大雨
2025-01-08,3.2,0.2,1.4,6.9,2.8,2.87,73,0.0,12.2,48,中雪
2025-01-09,7.2,-0.3,2.4,0.8,0.3,0.35,73,22006.5,12.0,40,中雪
2025-01-10,2.1,-0.7,0.4,2.0,1.1,0.63,73,0.0,9.9,89,中雪
2025-01-11,6.3,-1.7,1.6,0.5,0.2,0.21,71,29484.34,16.4,19,小雪
2025-01-12,11.1,-3.4,2.5,0.0,0.0,0.0,3,36442.77,16.9,184,阴
2025-01-13,11.0,-0.3,4.1,0.0,0.0,0.0,3,27850.79,15.2,156,阴
2025-01-14,4.2,-0.3,1.9,0.5,0.5,0.0,51,0.0,17.8,14,小雨
2025-01-15,9.6,0.7,4.0,1.4,0.2,0.84,73,20969.45,13.2,166,中雪
2025-01-16,8.5,1.9,4.2,1.1,1.1,0.0,51,2636.72,11.3,146,小雨
2025-01-17,9.5,2.0,4.7,0.6,0.6,0.0,51,11750.9,17.0,160,小雨
2025-01-18,8.4,2.0,4.2,0.4,0.4,0.0,51,12218.13,12.4,44,小雨
2025-01-19,15.3,-0.5,6.4,0.0,0.0,0.0,3,37385.78,18.4,166,阴
2025-01-20,10.3,2.9,5.9,0.1,0.1,0.0,51,4954.12,12.8,157,小雨
2025-01-21,9.6,5.9,7.3,1.8,1.8,0.0,51,408.47,16.1,155,小雨
2025-01-22,11.7,6.3,8.1,2.4,2.4,0.0,51,0.0,13.9,132,小雨
2025-01-23,11.3,6.7,8.4,1.1,1.1,0.0,51,57.58,17.1,160,小雨
2025-01-24,17.1,7.3,10.5,3.4,3.4,0.0,53,30603.5,16.1,107,中雨
2025-01-25,6.5,-0.0,3.9,2.4,2.4,0.0,51,2150.0,22.2,9,小雨
2025-01-26,2.4,-3.0,-0.5,2.6,0.2,1.68,73,14483.92,25.4,3,中雪
2025-01-27,7.8,-4.4,0.9,0.3,0.0,0.21,71,32400.0,18.2,181,小雪
2025-01-28,6.6,-1.3,1.9,0.4,0.1,0.21,71,16295.22,13.2,145,小雪
2025-01-29,9.3,0.8,3.4,0.3,0.1,0.14,71,17543.54,17.6,180,小雪
2025-01-30,9.1,0.9,4.7,0.0,0.0,0.0,3,18364.82,19.2,160,阴
2025-01-31,10.3,2.2,5.4,0.9,0.9,0.0,51,4737.91,11.3,59,小雨
2025-02-01,9.8,1.6,4.6,0.9,0.9,0.0,51,14343.37,14.6,91,小雨
2025-02-02,5.8,1.4,3.1,1.8,1.8,0.0,51,676.42,13.4,36,小雨
2025-02-03,7.5,0.5,3.1,1.1,1.1,0.0,51,11830.08,13.4,38,小雨
2025-02-04,6.4,-0.3,2.7,0.0,0.0,0.0,3,2371.17,14.5,159,阴
2025-02-05,5.3,2.0,3.4,2.6,2.6,0.0,51,0.0,11.3,96,小雨
2025-02-06,4.0,0.5,1.9,4.0,3.9,0.07,71,0.0,15.3,64,小雪
2025-02-07,3.0,-0.5,0.8,2.8,1.6,0.84,71,0.0,12.8,82,小雪
2025-02-08,2.8,-1.6,0.2,2.9,1.5,0.98,71,384.89,9.8,110,小雪
2025-02-09,7.2,-0.3,1.8,0.3,0.2,0.07,71,14635.22,18.8,163,小雪
2025-02-10,11.8,0.0,3.1,0.5,0.5,0.0,51,20767.9,17.4,146,小雨
2025-02-11,21.1,2.6,10.3,0.2,0.2,0.0,51,38769.75,26.9,221,小雨
2025-02-12,5.1,1.7,3.2,0.4,0.3,0.07,71,96.13,16.7,33,小雪
2025-02-13,10.3,1.0,4.2,2.1,1.8,0.21,71,15813.04,21.2,144,小雪
2025-02-14,10.7,0.4,5.3,1.2,1.2,0.0,53,9472.52,16.6,111,中雨
2025-02-15,12.4,0.1,3.9,0.2,0.2,0.0,51,20078.13,16.3,64,小雨
2025-02-16,8.0,2.1,4.1,1.4,1.4,0.0,51,0.0,14.3,79,小雨
2025-02-17,11.0,2.6,5.3,3.5,2.8,0.49,73,17008.52,10.9,92,中雪
2025-02-18,9.1,2.9,5.0,1.1,1.1,0.0,51,4742.91,13.5,132,小雨
2025-02-19,10.6,3.8,6.4,0.9,0.9,0.0,53,20779.89,17.4,132,中雨
2025-02-20,10.1,3.5,6.0,6.2,4.0,1.54,75,12897.52,13.3,81,大雪
2025-02-21,9.1,3.6,5.5,1.3,1.3,0.0,51,3968.52,15.8,134,小雨
2025-02-22,9.5,3.0,5.2,1.0,1.0,0.0,51,1918.41,14.2,68,小雨
2025-02-23,7.4,2.4,4.0,0.4,0.4,0.0,51,131.44,13.4,97,小雨
2025-02-24,10.8,1.7,4.9,0.6,0.6,0.0,51,20954.65,21.7,171,小雨
2025-02-25,11.8,0.6,4.9,0.0,0.0,0.0,3,21671.55,19.7,91,阴
2025-02-26,13.4,3.4,6.3,2.1,2.1,0.0,61,24357.28,13.0,170,小雨
2025-02-27,24.7,1.4,11.5,0.0,0.0,0.0,3,39532.68,19.7,206,阴
2025-02-28,25.0,2.0,12.2,0.0,0.0,0.0,3,40319.97,16.1,195,阴
2025-03-01,24.6,6.6,15.6,0.0,0.0,0.0,3,39803.0,30.1,208,阴
2025-03-02,23.7,9.1,15.6,5.2,5.2,0.0,61,41092.08,28.2,231,小雨
2025-03-03,19.3,4.2,10.3,2.2,2.2,0.0,55,31747.5,14.9,42,大雨
2025-03-04,15.2,6.0,9.2,0.9,0.9,0.0,51,20968.64,18.1,89,小雨
2025-03-05,10.1,5.2,7.0,2.9,2.9,0.0,53,0.0,18.2,41,中雨
2025-03-06,7.7,1.3,4.5,2.5,1.1,0.98,73,1517.03,18.9,24,中雪
2025-03-07,15.0,0.5,6.0,4.2,4.0,0.14,71,31514.31,22.1,125,小雪
2025-03-08,9.9,2.3,4.7,4.5,3.0,1.05,75,18957.6,16.7,140,大雪
2025-03-09,12.1,3.5,6.7,0.4,0.4,0.0,51,11739.03,16.5,118,小雨
2025-03-10,20.9,5.8,11.4,0.5,0.5,0.0,51,36000.0,17.6,156,小雨
2025-03-11,26.3,7.2,12.9,0.1,0.1,0.0,51,40920.37,23.0,136,小雨
2025-03-12,16.5,6.5,10.0,0.5,0.5,0.0,51,25695.51,17.1,80,小雨
2025-03-13,15.6,8.1,10.7,1.7,1.7,0.0,51,12556.22,16.6,105,小雨
2025-03-14,14.8,6.4,10.2,0.9,0.9,0.0,51,20779.07,17.6,54,小雨
2025-03-15,8.1,5.0,6.5,1.6,1.6,0.0,51,0.0,20.8,15,小雨
2025-03-16,6.2,2.1,4.0,4.5,4.4,0.07,71,0.0,13.6,88,小雪
2025-03-17,3.8,0.3,1.6,4.1,3.0,0.77,73,0.0,15.0,49,中雪
2025-03-18,5.4,0.2,2.3,0.3,0.0,0.21,71,379.52,18.0,28,小雪
2025-03-19,10.1,0.1,4.4,0.2,0.0,0.14,71,15446.23,13.7,24,小雪
2025-03-20,12.3,0.6,6.7,0.0,0.0,0.0,3,21594.65,11.2,129,阴
2025-03-21,13.2,4.4,8.4,0.1,0.1,0.0,51,17319.0,13.9,166,小雨
2025-03-22,14.4,6.7,9.6,2.9,2.9,0.0,55,13801.99,12.9,111,大雨
2025-03-23,14.9,5.9,9.2,0.3,0.3,0.0,51,20907.94,16.1,12,小雨
2025-03-24,23.3,4.9,12.7,0.2,0.2,0.0,51,42973.23,15.7,247,小雨
2025-03-25,25.4,4.9,14.9,0.0,0.0,0.0,3,43038.43,13.1,249,阴
2025-03-26,27.1,9.3,17.7,0.0,0.0,0.0,0,43103.16,21.9,225,晴
2025-03-27,25.9,7.1,17.1,0.0,0.0,0.0,0,43167.3,14.8,195,晴
2025-03-28,16.1,3.4,9.5,0.5,0.5,0.0,51,34509.4,20.3,27,小雨
2025-03-29,7.7,0.0,2.6,1.3,1.3,0.0,51,3400.27,17.6,39,小雨
2025-03-30,9.5,-0.2,3.1,0.8,0.8,0.0,51,13359.67,13.3,55,小雨
2025-03-31,9.4,0.7,4.2,0.8,0.8,0.0,51,14359.21,16.4,47,小雨
2025-04-01,14.2,2.4,7.0,0.1,0.1,0.0,51,31077.14,15.1,41,小雨
2025-04-02,12.4,4.1,7.7,0.3,0.3,0.0,51,12614.74,11.6,121,小雨
2025-04-03,18.7,7.2,11.3,0.3,0.3,0.0,51,26033.45,17.8,164,小雨
2025-04-04,16.3,6.4,10.9,0.8,0.8,0.0,51,12859.74,18.8,39,小雨
2025-04-05,12.3,8.3,9.7,4.2,4.2,0.0,51,0.0,14.3,84,小雨
2025-04-06,14.9,8.6,10.6,6.3,6.3,0.0,61,6070.91,13.6,130,小雨
2025-04-07,21.2,9.4,13.6,8.0,8.0,0.0,63,28802.48,18.2,160,中雨
2025-04-08,20.9,11.1,15.2,0.1,0.1,0.0,51,27966.88,10.3,115,小雨
2025-04-09,20.5,11.1,14.5,4.7,4.7,0.0,61,22189.98,12.7,252,小雨
2025-04-10,23.7,9.6,15.7,0.2,0.2,0.0,51,37466.52,16.6,163,小雨
2025-04-11,28.1,12.3,18.9,1.9,1.9,0.0,55,41473.36,19.0,208,大雨
2025-04-12,15.3,6.8,9.7,1.9,1.9,0.0,55,279.8,32.9,359,大雨
2025-04-13,20.2,3.8,11.8,0.0,0.0,0.0,3,43200.0,15.5,180,阴
2025-04-14,22.7,6.8,14.4,0.0,0.0,0.0,3,43200.0,14.2,129,阴
2025-04-15,25.4,9.6,16.5,0.8,0.8,0.0,53,28665.11,24.0,194,中雨
2025-04-16,23.4,10.5,15.6,13.7,13.7,0.0,63,38570.95,14.8,45,中雨
2025-04-17,23.8,10.4,16.4,0.6,0.6,0.0,51,37328.86,12.7,291,小雨
2025-04-18,27.1,9.7,18.0,0.9,0.9,0.0,51,42184.71,22.4,228,小雨
2025-04-19,24.8,13.0,17.5,8.8,8.8,0.0,65,37331.77,12.0,315,大雨
2025-04-20,27.3,11.0,18.7,0.3,0.3,0.0,51,43200.0,20.6,197,小雨
2025-04-21,28.3,14.7,19.8,12.6,12.6,0.0,63,43239.41,25.9,220,中雨
2025-04-22,21.9,11.8,16.1,2.2,2.2,0.0,61,30945.98,14.5,18,小雨
2025-04-23,19.0,10.7,13.9,1.1,1.1,0.0,53,8746.41,13.3,59,中雨
2025-04-24,14.2,9.0,11.7,4.2,4.2,0.0,53,1463.51,15.1,17,中雨
2025-04-25,18.1,9.5,13.1,1.5,1.5,0.0,53,25539.88,15.9,164,中雨
2025-04-26,20.3,11.5,14.5,12.2,12.2,0.0,63,16999.72,13.3,98,中雨
2025-04-27,19.9,11.0,14.1,1.9,1.9,0.0,55,17882.7,13.4,22,大雨
2025-04-28,19.2,11.4,14.8,0.6,0.6,0.0,53,27171.28,16.5,80,中雨
2025-04-29,18.6,10.0,14.1,8.6,8.6,0.0,63,9885.95,20.2,148,中雨
2025-04-30,20.7,10.0,14.3,2.9,2.9,0.0,55,34499.46,13.9,349,大雨
2025-05-01,22.8,10.5,16.5,0.0,0.0,0.0,3,39600.0,12.6,45,阴
2025-05-02,24.5,9.9,17.4,0.0,0.0,0.0,3,38091.54,19.2,205,阴
2025-05-03,23.5,11.5,17.3,1.8,1.8,0.0,53,39899.53,12.4,8,中雨
2025-05-04,26.6,11.4,17.6,1.9,1.9,0.0,61,41728.15,18.7,223,小雨
2025-05-05,22.2,13.6,16.7,5.9,5.9,0.0,63,33636.23,22.5,19,中雨
2025-05-06,18.4,13.7,15.3,8.1,8.1,0.0,55,13339.73,14.5,76,大雨
2025-05-07,22.5,13.2,16.9,1.7,1.7,0.0,51,28916.48,20.5,152,小雨
2025-05-08,22.5,15.0,17.6,7.3,7.3,0.0,63,32227.67,15.8,8,中雨
2025-05-09,22.4,12.8,17.4,1.9,1.9,0.0,53,36807.76,14.8,45,中雨
2025-05-10,15.0,7.8,10.9,11.5,11.5,0.0,63,0.0,23.8,11,中雨
2025-05-11,20.8,4.6,13.0,0.0,0.0,0.0,3,44758.14,15.7,174,阴
2025-05-12,24.9,6.4,16.5,0.0,0.0,0.0,1,46630.32,21.9,182,晴转多云
2025-05-13,24.5,11.4,16.8,17.1,17.1,0.0,63,31725.46,15.4,171,中雨
2025-05-14,19.1,13.6,16.1,5.4,5.4,0.0,61,5676.91,15.8,15,小雨
2025-05-15,20.3,13.0,16.1,9.8,9.8,0.0,61,14556.64,11.9,65,小雨
2025-05-16,20.9,14.4,16.8,20.2,20.2,0.0,63,28044.15,12.8,109,中雨
2025-05-17,22.3,13.6,17.1,7.1,7.1,0.0,63,31115.7,13.7,9,中雨
2025-05-18,19.5,13.1,15.6,3.2,3.2,0.0,61,12672.79,14.8,360,小雨
2025-05-19,24.0,12.9,17.5,11.2,11.2,0.0,63,36925.74,15.0,205,中雨
2025-05-20,26.1,14.2,19.5,6.7,6.7,0.0,63,43588.97,13.5,179,中雨
2025-05-21,27.0,16.2,20.7,1.5,1.5,0.0,61,38892.21,18.0,173,小雨
2025-05-22,23.5,16.9,19.7,14.1,14.1,0.0,63,36425.78,22.8,2,中雨
2025-05-23,18.7,13.9,16.2,0.3,0.3,0.0,51,13910.56,23.6,1,小雨
2025-05-24,13.8,12.2,13.1,6.3,6.3,0.0,61,0.0,13.4,3,小雨
2025-05-25,15.8,11.8,13.2,5.5,5.5,0.0,55,0.0,9.1,188,大雨
2025-05-26,20.9,10.3,15.0,0.3,0.3,0.0,51,36363.06,19.5,173,小雨
2025-05-27,18.5,13.6,15.5,41.2,41.2,0.0,63,2278.83,15.7,156,中雨
2025-05-28,18.2,12.9,14.9,12.2,12.2,0.0,61,10810.91,13.5,21,小雨
2025-05-29,19.9,12.5,15.8,1.2,1.2,0.0,51,13679.78,13.0,126,小雨
2025-05-30,22.7,13.4,17.4,2.6,2.6,0.0,61,27681.39,20.0,172,小雨
2025-05-31,26.5,16.8,20.6,10.7,10.7,0.0,63,30818.47,16.4,158,中雨
2025-06-01,25.4,15.2,19.3,1.4,1.4,0.0,51,27903.65,20.5,40,小雨
2025-06-02,16.7,13.3,15.0,3.6,3.6,0.0,53,0.0,17.5,9,中雨
2025-06-03,17.4,12.6,14.7,0.9,0.9,0.0,53,12.45,12.8,1,中雨
2025-06-04,21.0,12.9,16.0,0.5,0.5,0.0,51,8908.09,10.9,179,小雨
2025-06-05,25.3,14.1,18.9,0.3,0.3,0.0,51,35993.68,19.0,178,小雨
2025-06-06,26.6,17.7,21.4,3.4,3.4,0.0,53,42638.57,16.8,173,中雨
2025-06-07,25.5,17.8,20.2,20.8,20.8,0.0,65,40643.81,10.4,78,大雨
2025-06-08,22.4,15.8,18.3,8.7,8.7,0.0,61,21267.66,13.8,5,小雨
2025-06-09,20.7,13.6,17.3,0.8,0.8,0.0,51,17966.58,16.1,354,小雨
2025-06-10,22.8,13.2,17.9,0.0,0.0,0.0,3,46156.59,23.3,351,阴
2025-06-11,22.4,14.0,18.4,0.5,0.5,0.0,51,48924.16,13.4,27,小雨
2025-06-12,24.4,12.5,18.6,0.2,0.2,0.0,51,49147.66,8.1,29,小雨
2025-06-13,27.3,14.0,20.5,0.0,0.0,0.0,0,49164.61,12.6,147,晴
2025-06-14,27.7,14.6,20.4,4.3,4.3,0.0,55,44749.46,17.7,316,大雨
2025-06-15,22.8,14.1,17.6,10.3,10.3,0.0,61,28251.91,15.5,18,小雨
2025-06-16,26.4,11.8,19.3,0.3,0.3,0.0,51,48837.94,10.5,166,小雨
2025-06-17,26.0,16.8,20.3,2.0,2.0,0.0,53,39656.99,17.5,179,中雨
2025-06-18,27.0,18.4,21.1,10.5,10.5,0.0,63,10543.31,19.1,179,中雨
2025-06-19,23.0,17.9,19.3,46.0,46.0,0.0,65,20075.35,15.8,11,大雨
2025-06-20,23.6,16.3,19.3,1.7,1.7,0.0,51,29758.13,18.3,356,小雨
2025-06-21,21.7,15.7,18.5,1.2,1.2,0.0,53,21489.73,15.0,15,中雨
2025-06-22,19.9,15.4,17.3,1.9,1.9,0.0,53,11872.2,9.6,4,中雨
2025-06-23,24.9,14.8,19.0,2.1,2.1,0.0,53,37027.36,12.9,140,中雨
2025-06-24,22.9,16.9,19.2,21.1,21.1,0.0,63,14871.42,14.9,164,中雨
2025-06-25,22.1,17.2,18.5,32.3,32.3,0.0,65,3900.72,10.0,131,大雨
2025-06-26,19.7,15.3,17.2,58.7,58.7,0.0,63,15779.65,8.1,43,中雨
2025-06-27,21.7,16.2,18.1,15.4,15.4,0.0,61,16287.43,9.4,161,小雨
2025-06-28,24.7,14.8,19.3,1.5,1.5,0.0,53,41673.07,14.5,177,中雨
2025-06-29,24.8,17.7,20.3,1.0,1.0,0.0,53,20580.46,15.8,173,中雨
2025-06-30,19.5,16.9,18.3,28.9,28.9,0.0,63,122.06,11.2,152,中雨
2025-07-01,23.4,16.3,19.0,3.9,3.9,0.0,53,28729.61,17.5,152,中雨
2025-07-02,23.3,16.9,19.6,4.1,4.1,0.0,55,42494.24,20.3,170,大雨
2025-07-03,24.7,17.2,20.1,0.8,0.8,0.0,51,42827.71,22.3,178,小雨
2025-07-04,25.6,17.7,20.9,0.1,0.1,0.0,51,46415.74,20.7,182,小雨
2025-07-05,26.0,15.8,20.0,3.1,3.1,0.0,61,41302.57,10.9,172,小雨
2025-07-06,24.8,15.0,19.6,2.3,2.3,0.0,51,38196.91,13.1,176,小雨
2025-07-07,26.2,15.5,20.5,1.1,1.1,0.0,51,42666.05,15.5,177,小雨
2025-07-08,26.4,15.9,20.5,14.2,14.2,0.0,63,38227.19,15.5,182,中雨
2025-07-09,22.5,17.2,19.4,12.4,12.4,0.0,63,4867.09,16.2,21,中雨
2025-07-10,21.7,15.2,18.2,8.7,8.7,0.0,61,21416.61,16.4,12,小雨
2025-07-11,23.7,15.7,19.2,4.7,4.7,0.0,53,46362.13,19.7,26,中雨
2025-07-12,23.7,16.0,19.3,5.5,5.5,0.0,61,40623.38,12.7,30,小雨
2025-07-13,25.4,14.9,19.8,3.3,3.3,0.0,61,45722.99,11.7,133,小雨
2025-07-14,25.8,14.9,20.0,4.0,4.0,0.0,63,43175.21,12.8,139,中雨
2025-07-15,27.0,14.4,20.8,0.7,0.7,0.0,51,46520.46,12.3,158,小雨
2025-07-16,26.6,15.7,21.3,0.8,0.8,0.0,51,43596.5,12.0,155,小雨
2025-07-17,27.8,16.3,21.9,1.1,1.1,0.0,53,47065.78,8.4,175,中雨
2025-07-18,26.2,16.9,21.2,5.8,5.8,0.0,63,40046.45,10.5,197,中雨
2025-07-19,26.0,17.1,20.6,9.3,9.3,0.0,63,40953.45,13.6,28,中雨
2025-07-20,23.7,16.5,20.1,3.2,3.2,0.0,55,44733.1,22.5,10,大雨
2025-07-21,23.4,17.5,19.7,4.9,4.9,0.0,55,33085.81,27.5,4,大雨
2025-07-22,23.0,17.7,19.5,14.0,14.0,0.0,63,33054.74,22.7,20,中雨
2025-07-23,22.0,17.4,18.8,21.6,21.6,0.0,63,5067.85,14.8,60,中雨
2025-07-24,23.2,17.3,19.3,8.5,8.5,0.0,55,20706.58,14.2,152,大雨
2025-07-25,24.5,17.6,20.1,4.7,4.7,0.0,61,39727.23,16.2,164,小雨
2025-07-26,24.6,17.1,19.9,9.5,9.5,0.0,63,32446.41,13.6,149,中雨
2025-07-27,25.4,14.7,19.3,5.2,5.2,0.0,63,45344.08,9.7,318,中雨
2025-07-28,26.8,14.3,20.5,0.0,0.0,0.0,2,46090.02,8.3,18,多云
2025-07-29,27.1,15.2,21.2,3.9,3.9,0.0,63,46580.6,10.3,8,中雨
2025-07-30,27.2,15.7,20.7,15.6,15.6,0.0,65,41521.28,12.2,335,大雨
2025-07-31,25.8,16.3,20.4,2.9,2.9,0.0,61,42213.64,11.2,128,小雨
2025-08-01,25.9,14.0,20.3,0.3,0.3,0.0,51,45834.63,10.8,132,小雨
2025-08-02,28.5,15.1,21.4,0.1,0.1,0.0,51,46137.04,16.1,180,小雨
2025-08-03,28.6,16.5,22.2,0.5,0.5,0.0,51,45623.79,12.6,181,小雨
2025-08-04,28.0,18.7,22.1,2.5,2.5,0.0,55,39260.71,11.0,147,大雨
2025-08-05,26.8,17.1,21.1,13.5,13.5,0.0,63,38655.7,14.8,59,中雨
2025-08-06,25.5,16.5,20.2,33.2,33.2,0.0,63,40203.08,16.6,72,中雨
2025-08-07,24.9,16.8,20.2,8.9,8.9,0.0,63,31203.37,13.1,150,中雨
2025-08-08,26.4,16.7,20.8,1.8,1.8,0.0,55,40306.27,13.9,184,大雨
2025-08-09,27.7,17.8,21.8,0.7,0.7,0.0,53,40593.84,13.3,183,中雨
2025-08-10,27.5,18.5,22.0,1.6,1.6,0.0,53,37790.93,17.3,178,中雨
2025-08-11,22.8,17.2,19.8,8.4,8.4,0.0,61,2563.05,11.7,59,小雨
2025-08-12,23.2,16.1,19.5,0.6,0.6,0.0,51,31755.41,10.8,339,小雨
2025-08-13,25.4,15.5,20.4,0.1,0.1,0.0,51,41575.68,15.0,7,小雨
2025-08-14,26.2,14.9,20.4,0.2,0.2,0.0,51,43543.78,14.7,2,小雨
2025-08-15,24.4,16.1,18.9,18.4,18.4,0.0,65,33790.36,14.8,13,大雨
2025-08-16,22.5,16.2,18.1,12.0,12.0,0.0,63,21374.63,12.0,161,中雨
2025-08-17,24.7,15.6,19.6,0.6,0.6,0.0,51,40389.05,14.4,168,小雨
2025-08-18,25.0,14.6,19.3,0.7,0.7,0.0,51,43599.98,14.0,151,小雨
2025-08-19,23.4,14.5,18.7,0.9,0.9,0.0,51,34053.8,13.7,158,小雨
2025-08-20,25.2,17.0,19.8,6.2,6.2,0.0,63,40941.41,18.2,179,中雨
2025-08-21,22.2,17.1,18.6,18.0,18.0,0.0,65,3409.0,12.6,168,大雨
2025-08-22,20.6,16.6,17.9,12.1,12.1,0.0,63,9993.07,15.9,181,中雨
2025-08-23,22.6,15.9,18.5,9.2,9.2,0.0,63,24038.56,15.0,180,中雨
2025-08-24,24.6,16.1,19.4,1.0,1.0,0.0,51,38653.86,16.6,177,小雨
2025-08-25,23.3,16.0,19.1,0.2,0.2,0.0,51,36539.02,16.7,174,小雨
2025-08-26,23.7,13.3,18.4,1.3,1.3,0.0,51,39600.0,18.3,182,小雨
2025-08-27,23.9,15.6,19.0,1.3,1.3,0.0,53,42960.0,16.3,181,中雨
2025-08-28,24.1,16.6,19.6,0.3,0.3,0.0,51,42539.18,15.0,172,小雨
2025-08-29,23.3,15.4,18.9,2.2,2.2,0.0,53,43200.0,18.1,147,中雨
2025-08-30,25.3,13.4,19.2,0.2,0.2,0.0,51,43200.0,13.5,164,小雨
2025-08-31,25.0,15.9,19.1,4.8,4.8,0.0,63,33874.19,13.0,174,中雨
2025-09-01,25.6,14.0,19.6,0.1,0.1,0.0,51,43200.0,16.3,190,小雨
2025-09-02,27.4,15.9,20.8,0.3,0.3,0.0,51,39600.0,20.1,186,小雨
2025-09-03,27.5,17.4,21.3,0.6,0.6,0.0,51,40033.02,17.8,180,小雨
2025-09-04,27.6,17.3,21.7,0.1,0.1,0.0,51,39600.0,20.3,175,小雨
2025-09-05,28.2,17.8,22.2,6.2,6.2,0.0,63,35852.85,16.0,184,中雨
2025-09-06,24.5,16.1,19.4,17.3,17.3,0.0,63,27297.35,12.2,70,中雨
2025-09-07,25.9,17.1,20.4,1.0,1.0,0.0,51,42221.26,13.0,169,小雨
2025-09-08,24.5,16.3,19.2,14.8,14.8,0.0,65,27334.5,10.1,23,大雨
2025-09-09,25.0,14.7,19.5,0.3,0.3,0.0,51,43200.0,12.6,24,小雨
2025-09-10,23.3,15.9,19.4,5.8,5.8,0.0,63,38556.59,13.0,138,中雨
2025-09-11,25.2,17.6,20.4,1.3,1.3,0.0,51,33126.55,17.8,170,小雨
2025-09-12,23.3,17.3,19.7,12.8,12.8,0.0,61,4620.51,11.3,177,小雨
2025-09-13,21.2,16.5,18.1,46.0,46.0,0.0,63,6288.2,9.4,184,中雨
2025-09-14,24.1,15.9,19.3,1.0,1.0,0.0,51,36049.71,13.8,187,小雨
2025-09-15,24.1,15.8,19.1,1.5,1.5,0.0,51,37203.76,15.7,183,小雨
2025-09-16,24.0,15.8,19.4,0.8,0.8,0.0,51,38059.09,18.3,181,小雨
2025-09-17,23.1,16.2,18.9,4.9,4.9,0.0,55,31465.41,16.3,173,大雨
2025-09-18,24.0,16.4,19.4,0.4,0.4,0.0,51,33500.05,24.0,171,小雨
2025-09-19,24.1,17.2,19.2,10.0,10.0,0.0,63,23317.9,11.1,180,中雨
2025-09-20,24.0,16.6,19.4,3.1,3.1,0.0,53,36414.9,14.7,162,中雨
2025-09-21,24.0,16.6,19.5,9.4,9.4,0.0,63,35171.85,16.5,160,中雨
2025-09-22,19.1,16.0,17.4,57.2,57.2,0.0,65,3174.63,11.4,98,大雨
2025-09-23,20.7,15.1,16.6,9.7,9.7,0.0,61,9938.7,23.2,31,小雨
2025-09-24,21.2,12.7,16.4,0.0,0.0,0.0,3,37029.85,20.2,3,阴
2025-09-25,15.9,11.8,14.0,9.5,9.5,0.0,61,0.0,19.4,359,小雨
2025-09-26,16.6,14.0,15.1,30.9,30.9,0.0,63,0.0,10.6,24,中雨
2025-09-27,23.3,15.8,18.3,1.2,1.2,0.0,51,29945.51,17.2,170,小雨
2025-09-28,24.6,16.1,18.9,0.8,0.8,0.0,51,32437.47,20.6,179,小雨
2025-09-29,20.3,13.0,16.7,2.2,2.2,0.0,53,21230.91,19.6,161,中雨
2025-09-30,17.4,15.7,16.3,26.5,26.5,0.0,63,0.0,21.5,133,中雨
2025-10-01,22.1,16.0,18.2,2.1,2.1,0.0,51,27516.31,26.9,178,小雨
2025-10-02,26.0,16.9,20.1,0.7,0.7,0.0,51,36489.78,20.9,186,小雨
2025-10-03,24.1,16.5,19.8,0.1,0.1,0.0,51,36713.81,17.8,175,小雨
2025-10-04,24.4,17.1,19.8,1.5,1.5,0.0,51,33012.38,19.7,171,小雨
2025-10-05,24.2,17.5,19.8,1.8,1.8,0.0,51,37191.02,19.9,167,小雨
2025-10-06,21.9,15.4,17.8,4.9,4.9,0.0,61,35765.75,18.6,137,小雨
2025-10-07,16.4,15.1,15.5,45.9,45.9,0.0,63,0.0,22.7,129,中雨
2025-10-08,21.2,14.8,17.2,4.1,4.1,0.0,55,33280.58,24.7,170,大雨
2025-10-09,23.7,16.1,18.9,0.4,0.4,0.0,51,33700.15,22.6,179,小雨
2025-10-10,24.9,16.1,19.4,0.0,0.0,0.0,3,33733.44,23.2,182,阴
2025-10-11,23.9,15.9,18.9,1.1,1.1,0.0,53,37106.23,20.0,178,中雨
2025-10-12,26.4,15.2,19.4,0.0,0.0,0.0,3,40365.52,19.6,177,阴
2025-10-13,19.4,12.8,16.0,4.9,4.9,0.0,61,10325.24,13.1,72,小雨
2025-10-14,22.5,15.2,18.0,1.8,1.8,0.0,51,35644.39,19.6,166,小雨
2025-10-15,21.9,16.1,18.0,11.8,11.8,0.0,63,35290.11,12.8,164,中雨
2025-10-16,21.6,15.2,17.5,4.9,4.9,0.0,53,30525.28,17.7,178,中雨
2025-10-17,20.2,14.3,16.9,22.8,22.8,0.0,63,2386.46,15.9,167,中雨
2025-10-18,14.4,12.0,13.3,15.5,15.5,0.0,61,0.0,10.4,27,小雨
2025-10-19,14.5,11.7,13.1,21.4,21.4,0.0,63,0.0,13.0,27,中雨
2025-10-20,15.6,11.2,13.3,5.4,5.4,0.0,61,2405.73,14.3,119,小雨
2025-10-21,12.9,9.3,11.0,5.1,5.1,0.0,61,1016.25,15.6,27,小雨
2025-10-22,13.8,8.8,11.1,1.3,1.3,0.0,51,3769.66,10.0,49,小雨
2025-10-23,15.7,7.3,11.2,0.0,0.0,0.0,3,20166.67,12.9,92,阴
2025-10-24,15.2,8.9,11.3,0.5,0.5,0.0,51,13329.46,15.9,147,小雨
2025-10-25,11.3,9.1,10.1,2.9,2.9,0.0,53,0.0,12.2,66,中雨
2025-10-26,10.9,8.4,9.3,6.3,6.3,0.0,61,0.0,10.4,51,小雨
2025-10-27,14.1,7.5,10.1,3.3,3.3,0.0,61,15362.55,13.5,73,小雨
2025-10-28,17.5,9.3,12.3,0.1,0.1,0.0,51,33392.59,17.3,163,小雨
2025-10-29,14.1,9.5,12.0,6.0,6.0,0.0,61,302.4,16.0,133,小雨
2025-10-30,16.3,9.0,11.4,3.3,3.3,0.0,53,4619.31,8.0,20,中雨
2025-10-31,11.2,8.1,10.0,10.0,10.0,0.0,55,0.0,15.0,46,大雨
2025-11-01,10.5,7.3,8.5,4.0,4.0,0.0,53,0.0,10.8,62,中雨
2025-11-02,8.9,6.7,7.6,9.2,9.2,0.0,53,0.0,12.3,32,中雨
2025-11-03,9.2,5.2,6.8,14.8,14.8,0.0,61,0.0,10.5,44,小雨
2025-11-04,15.4,4.7,9.2,0.4,0.4,0.0,51,34638.31,12.8,173,小雨
2025-11-05,16.8,7.7,11.5,0.3,0.3,0.0,51,13191.68,17.5,163,小雨
2025-11-06,23.3,11.4,15.2,0.0,0.0,0.0,3,29687.36,21.6,172,阴
2025-11-07,20.0,11.4,14.7,7.2,7.2,0.0,61,18893.01,14.9,122,小雨
2025-11-08,13.5,9.8,11.5,6.5,6.5,0.0,55,666.72,9.7,53,大雨
2025-11-09,11.2,8.8,9.5,23.0,23.0,0.0,61,0.0,11.5,30,小雨
2025-11-10,12.7,8.8,10.1,3.3,3.3,0.0,53,0.0,8.1,60,中雨
2025-11-11,13.8,7.9,10.2,2.6,2.6,0.0,53,9085.13,10.7,67,中雨
2025-11-12,12.2,7.7,9.6,2.5,2.5,0.0,51,445.18,10.1,52,小雨
2025-11-13,15.3,7.6,10.3,0.9,0.9,0.0,51,24808.92,13.4,116,小雨
2025-11-14,15.0,8.3,10.4,1.0,1.0,0.0,51,14546.34,15.6,152,小雨
2025-11-15,14.2,7.8,10.1,4.3,4.3,0.0,53,10074.34,12.8,129,中雨
2025-11-16,17.8,6.9,11.2,0.1,0.1,0.0,51,32960.91,16.7,178,小雨
2025-11-17,11.3,6.7,8.8,1.7,1.7,0.0,51,2677.87,15.5,19,小雨
2025-11-18,6.5,1.2,3.7,2.0,2.0,0.0,53,0.0,19.9,11,中雨
2025-11-19,11.5,1.2,4.9,0.0,0.0,0.0,3,35817.48,15.1,50,阴
2025-11-20,10.6,1.9,5.6,0.0,0.0,0.0,3,21600.0,12.0,39,阴
2025-11-21,11.5,1.4,5.9,0.0,0.0,0.0,3,29777.25,12.4,102,阴
2025-11-22,10.9,3.0,7.2,0.1,0.1,0.0,51,2992.5,12.9,144,小雨
2025-11-23,7.0,2.0,4.1,2.9,2.9,0.0,51,0.0,9.8,34,小雨
2025-11-24,14.1,2.0,7.1,0.3,0.3,0.0,51,29244.94,24.2,354,小雨
2025-11-25,12.7,-2.7,4.6,0.0,0.0,0.0,2,37385.25,12.6,197,多云
2025-11-26,14.5,-0.4,5.8,0.0,0.0,0.0,2,37128.72,23.4,6,多云
2025-11-27,14.1,-0.6,5.9,0.0,0.0,0.0,3,37154.06,10.9,266,阴
2025-11-28,17.5,-1.6,6.9,0.0,0.0,0.0,0,37179.48,14.4,209,晴
2025-11-29,18.3,0.3,8.0,0.0,0.0,0.0,0,36921.5,14.4,183,晴
2025-11-30,13.4,2.2,6.8,0.0,0.0,0.0,2,36662.66,13.0,35,多云
2025-12-01,16.8,1.7,7.7,0.0,0.0,0.0,3,36118.93,14.6,195,阴
2025-12-02,11.0,4.4,7.7,2.2,2.2,0.0,51,2273.18,10.1,37,小雨
2025-12-03,8.2,5.3,6.5,1.9,1.9,0.0,51,0.0,14.8,106,小雨
2025-12-04,6.2,3.8,5.5,0.9,0.9,0.0,51,0.0,11.2,65,小雨
2025-12-05,14.6,2.8,6.9,0.3,0.3,0.0,51,31373.38,12.5,178,小雨
2025-12-06,13.7,2.3,7.0,0.3,0.3,0.0,51,28652.78,15.8,159,小雨
2025-12-07,13.7,3.5,7.4,1.6,1.6,0.0,51,34490.04,12.8,13,小雨
2025-12-08,10.7,0.9,5.9,0.0,0.0,0.0,3,21353.88,15.8,170,阴
2025-12-09,13.7,6.1,8.5,0.3,0.3,0.0,51,23556.42,19.1,169,小雨
2025-12-10,14.2,3.7,7.5,0.6,0.6,0.0,51,16465.33,11.6,44,小雨
2025-12-11,16.0,3.0,8.6,0.0,0.0,0.0,3,25483.21,17.5,192,阴
2025-12-12,16.9,3.9,9.3,0.3,0.3,0.0,51,36000.0,17.0,83,小雨
2025-12-13,9.7,3.2,6.1,1.5,1.5,0.0,51,24039.32,21.2,22,小雨
2025-12-14,10.2,3.3,5.5,0.0,0.0,0.0,3,14874.29,16.9,155,阴
2025-12-15,14.3,4.8,7.9,0.0,0.0,0.0,3,32400.0,13.4,157,阴
2025-12-16,12.0,5.1,8.1,0.2,0.2,0.0,51,28881.34,17.0,87,小雨
2025-12-17,13.5,3.4,6.8,0.0,0.0,0.0,3,36000.0,14.5,20,阴
2025-12-18,15.6,1.8,7.8,0.0,0.0,0.0,3,33271.19,17.6,201,阴
2025-12-19,18.0,2.7,8.8,0.0,0.0,0.0,1,36000.0,17.2,179,晴转多云
2025-12-20,9.6,4.4,6.6,1.4,1.4,0.0,51,2198.24,12.5,24,小雨
2025-12-21,13.8,4.4,7.3,0.0,0.0,0.0,3,24913.93,21.1,174,阴
2025-12-22,18.4,5.6,9.6,0.0,0.0,0.0,3,26667.32,21.8,184,阴
2025-12-23,9.4,2.6,5.6,1.3,1.3,0.0,51,2952.19,16.5,24,小雨
2025-12-24,4.4,1.9,3.2,4.2,4.2,0.0,53,0.0,13.4,30,中雨
2025-12-25,6.4,1.1,3.2,0.4,0.3,0.07,71,6911.77,14.8,35,小雪
2025-12-26,7.2,2.2,3.5,0.0,0.0,0.0,3,9425.85,12.4,165,阴
2025-12-27,5.9,2.9,4.0,0.4,0.4,0.0,51,0.0,12.0,139,小雨
2025-12-28,12.5,3.4,6.0,0.0,0.0,0.0,3,25251.54,13.3,185,阴
2025-12-29,9.7,5.6,6.8,0.6,0.6,0.0,51,1396.82,11.7,122,小雨
2025-12-30,10.8,5.5,7.0,2.5,2.5,0.0,51,13669.08,18.6,147,小雨
2025-12-31,11.2,5.0,7.8,1.6,1.6,0.0,51,32038.14,11.7,53,小雨
