alpha_arima,beta_lstm,RMSE,MAE,MAPE(%),scenic_id,scenic_name
0.0,1.0,378.02,243.89,16.09,1,梅花山风景区
0.05,0.95,408.36,263.3,17.71,1,梅花山风景区
0.1,0.9,448.11,293.79,20.46,1,梅花山风景区
0.15,0.85,495.01,327.62,23.52,1,梅花山风景区
0.2,0.8,547.24,366.8,27.04,1,梅花山风景区
0.25,0.75,603.4,410.97,31.02,1,梅花山风景区
0.3,0.7,662.5,457.28,35.23,1,梅花山风景区
0.35,0.65,723.82,504.93,39.53,1,梅花山风景区
0.4,0.6,786.84,553.09,43.85,1,梅花山风景区
0.45,0.55,851.18,601.74,48.21,1,梅花山风景区
0.5,0.5,916.56,651.8,52.62,1,梅花山风景区
0.55,0.45,982.79,702.13,57.04,1,梅花山风景区
0.6,0.4,1049.69,752.66,61.48,1,梅花山风景区
0.65,0.35,1117.14,803.27,65.92,1,梅花山风景区
0.7,0.3,1185.06,854.94,70.42,1,梅花山风景区
0.75,0.25,1253.36,906.83,74.92,1,梅花山风景区
0.8,0.2,1321.98,959.45,79.46,1,梅花山风景区
0.85,0.15,1390.89,1013.48,84.06,1,梅花山风景区
0.9,0.1,1460.03,1067.76,88.67,1,梅花山风景区
0.95,0.05,1529.38,1122.05,93.28,1,梅花山风景区
1.0,0.0,1598.91,1176.33,97.88,1,梅花山风景区
0.0,1.0,250.9,185.95,16.34,2,玉舍国家森林公园
0.05,0.95,262.36,198.35,17.94,2,玉舍国家森林公园
0.1,0.9,285.92,214.97,20.16,2,玉舍国家森林公园
0.15,0.85,318.93,239.5,23.06,2,玉舍国家森林公园
0.2,0.8,358.77,270.05,26.52,2,玉舍国家森林公园
0.25,0.75,403.44,304.14,30.46,2,玉舍国家森林公园
0.3,0.7,451.49,339.53,34.52,2,玉舍国家森林公园
0.35,0.65,501.97,377.36,38.79,2,玉舍国家森林公园
0.4,0.6,554.2,416.26,43.14,2,玉舍国家森林公园
0.45,0.55,607.74,455.67,47.52,2,玉舍国家森林公园
0.5,0.5,662.27,495.5,51.93,2,玉舍国家森林公园
0.55,0.45,717.56,535.83,56.37,2,玉舍国家森林公园
0.6,0.4,773.45,576.4,60.83,2,玉舍国家森林公园
0.65,0.35,829.82,617.99,65.34,2,玉舍国家森林公园
0.7,0.3,886.57,660.36,69.91,2,玉舍国家森林公园
0.75,0.25,943.64,703.1,74.5,2,玉舍国家森林公园
0.8,0.2,1000.98,745.84,79.09,2,玉舍国家森林公园
0.85,0.15,1058.53,788.63,83.68,2,玉舍国家森林公园
0.9,0.1,1116.28,832.1,88.31,2,玉舍国家森林公园
0.95,0.05,1174.18,875.57,92.93,2,玉舍国家森林公园
1.0,0.0,1232.21,919.04,97.56,2,玉舍国家森林公园
0.0,1.0,423.16,295.19,16.2,3,乌蒙大草原
0.05,0.95,474.31,322.99,18.25,3,乌蒙大草原
0.1,0.9,535.04,360.66,21.17,3,乌蒙大草原
0.15,0.85,602.46,405.24,24.66,3,乌蒙大草原
0.2,0.8,674.57,456.66,28.63,3,乌蒙大草原
0.25,0.75,750.01,513.95,33.1,3,乌蒙大草原
0.3,0.7,827.87,573.07,37.66,3,乌蒙大草原
0.35,0.65,907.54,635.75,42.41,3,乌蒙大草原
0.4,0.6,988.57,699.83,47.23,3,乌蒙大草原
0.45,0.55,1070.66,765.63,52.13,3,乌蒙大草原
0.5,0.5,1153.58,831.58,57.05,3,乌蒙大草原
0.55,0.45,1237.16,897.54,61.97,3,乌蒙大草原
0.6,0.4,1321.28,963.5,66.88,3,乌蒙大草原
0.65,0.35,1405.84,1029.95,71.82,3,乌蒙大草原
0.7,0.3,1490.76,1096.67,76.76,3,乌蒙大草原
0.75,0.25,1575.99,1164.13,81.73,3,乌蒙大草原
0.8,0.2,1661.48,1232.36,86.73,3,乌蒙大草原
0.85,0.15,1747.2,1300.6,91.72,3,乌蒙大草原
0.9,0.1,1833.1,1368.84,96.72,3,乌蒙大草原
0.95,0.05,1919.17,1437.08,101.72,3,乌蒙大草原
1.0,0.0,2005.38,1505.32,106.71,3,乌蒙大草原
0.0,1.0,172.23,135.37,12.4,4,水城古镇
0.05,0.95,177.42,141.06,13.18,4,水城古镇
0.1,0.9,196.63,152.34,14.29,4,水城古镇
0.15,0.85,226.31,170.79,15.92,4,水城古镇
0.2,0.8,262.96,196.73,18.25,4,水城古镇
0.25,0.75,304.05,225.46,20.89,4,水城古镇
0.3,0.7,348.02,255.01,23.6,4,水城古镇
0.35,0.65,393.9,286.22,26.44,4,水城古镇
0.4,0.6,441.1,318.45,29.38,4,水城古镇
0.45,0.55,489.24,351.96,32.43,4,水城古镇
0.5,0.5,538.07,385.92,35.51,4,水城古镇
0.55,0.45,587.41,420.5,38.62,4,水城古镇
0.6,0.4,637.14,455.2,41.75,4,水城古镇
0.65,0.35,687.18,490.09,44.88,4,水城古镇
0.7,0.3,737.47,525.51,48.05,4,水城古镇
0.75,0.25,787.96,560.94,51.22,4,水城古镇
0.8,0.2,838.61,596.36,54.39,4,水城古镇
0.85,0.15,889.39,631.78,57.55,4,水城古镇
0.9,0.1,940.29,667.42,60.73,4,水城古镇
0.95,0.05,991.29,703.09,63.92,4,水城古镇
1.0,0.0,1042.36,738.77,67.1,4,水城古镇
0.0,1.0,198.93,131.34,17.31,5,明湖国家湿地公园
0.05,0.95,203.75,130.95,17.61,5,明湖国家湿地公园
0.1,0.9,215.38,137.65,18.63,5,明湖国家湿地公园
0.15,0.85,232.81,149.23,20.26,5,明湖国家湿地公园
0.2,0.8,254.86,165.17,22.61,5,明湖国家湿地公园
0.25,0.75,280.43,184.64,25.76,5,明湖国家湿地公园
0.3,0.7,308.65,206.86,29.43,5,明湖国家湿地公园
0.35,0.65,338.85,230.78,33.36,5,明湖国家湿地公园
0.4,0.6,370.57,255.52,37.41,5,明湖国家湿地公园
0.45,0.55,403.43,280.34,41.46,5,明湖国家湿地公园
0.5,0.5,437.18,305.24,45.52,5,明湖国家湿地公园
0.55,0.45,471.63,330.25,49.59,5,明湖国家湿地公园
0.6,0.4,506.64,355.89,53.73,5,明湖国家湿地公园
0.65,0.35,542.09,381.57,57.88,5,明湖国家湿地公园
0.7,0.3,577.91,407.26,62.03,5,明湖国家湿地公园
0.75,0.25,614.03,432.95,66.18,5,明湖国家湿地公园
0.8,0.2,650.41,458.87,70.36,5,明湖国家湿地公园
0.85,0.15,686.99,484.86,74.54,5,明湖国家湿地公园
0.9,0.1,723.76,510.89,78.72,5,明湖国家湿地公园
0.95,0.05,760.68,537.26,82.94,5,明湖国家湿地公园
1.0,0.0,797.73,563.89,87.18,5,明湖国家湿地公园
